ClaimID,PartName,ClaimDate,SettlementAmount,ClaimStatus,VehicleModel,VehicleYear
1,Headlight,2018-10-02,1886.85,Settled,Model A,2021
2,Airbag,2019-09-11,293.18,Settled,Model A,2016
3,Radiator,2021-10-12,1495.47,Settled,Model A,2021
4,Brake,2021-10-27,610.91,Rejected,Model B,2020
5,Engine,2021-10-09,1697.37,Settled,Model E,2018
6,Battery,2018-12-24,1945.82,Settled,Model E,2021
7,Tire,2022-01-08,1326.68,Rejected,Model E,2022
8,Airbag,2022-03-30,503.46,Settled,Model D,2017
9,Radiator,2022-03-23,1002.88,Rejected,Model B,2017
10,Headlight,2022-03-12,952.29,Settled,Model B,2022
11,Battery,2023-02-06,136.66,Settled,Model C,2021
12,Alternator,2022-03-20,778.33,Settled,Model B,2022
13,Brake,2019-12-02,579.22,Settled,Model B,2019
14,Headlight,2022-01-30,1525.05,Settled,Model A,2016
15,Engine,2019-10-18,81.7,Settled,Model B,2020
16,Engine,2022-11-11,4309.89,Settled,Model A,2015
17,Tire,2022-12-29,384.61,Rejected,Model E,2022
18,Transmission,2020-10-18,1963.58,Settled,Model C,2015
19,Headlight,2021-01-13,1759.76,Rejected,Model D,2020
20,Alternator,2022-01-11,229.19,Settled,Model E,2020
21,Radiator,2019-11-08,1489.54,Rejected,Model E,2017
22,Headlight,2021-04-02,457.38,Rejected,Model C,2015
23,,2021-12-15,1387.96,Rejected,Model D,2018
24,Headlight,2020-09-10,541.45,Settled,Model E,2019
25,Tire,2023-08-05,104.92,Settled,Model A,2018
26,Headlight,2023-05-20,1906.24,Settled,Model E,2015
27,Radiator,2021-01-18,52.03,Settled,Model B,2018
28,Brake,2022-12-22,777.54,Settled,Model B,2019
29,Brake,2020-05-29,243.93,Settled,Model A,2017
30,Brake,2021-06-30,719.32,Settled,Model A,2016
31,Transmission,2022-08-28,1014.25,Settled,Model E,2019
32,Alternator,2023-02-16,1953.15,Settled,Model D,2018
33,Headlight,2022-09-22,1453.48,Rejected,Model B,2020
34,,2020-05-20,784.75,Settled,Model B,2019
35,Alternator,2020-09-26,70.92,Rejected,Model E,2022
36,Tire,2020-03-16,741.32,Settled,Model E,2019
37,,2021-02-18,1546.5,Rejected,Model D,2022
38,Exhaust,2019-02-01,1877.97,Rejected,Model D,2018
39,Transmission,2019-09-09,1681.01,Settled,Model C,2022
40,Headlight,2020-04-22,1888.83,Settled,Model D,2021
41,Headlight,2021-02-06,1135.28,Rejected,Model C,2016
42,Brake,2021-04-29,73.8,Settled,Model B,2021
43,Engine,2019-07-09,467.73,Rejected,Model A,2018
44,Headlight,2021-04-26,1657.25,Settled,Model B,2019
45,Exhaust,2022-05-14,1939.06,Rejected,Model A,2017
46,Radiator,2021-07-27,631.37,Rejected,Model A,2021
47,Engine,2021-06-14,1809.81,Settled,Model C,2017
48,,2020-03-31,279.39,Settled,Model C,2022
49,Engine,2019-09-25,925.71,Settled,Model D,2017
50,Headlight,2019-09-24,1661.72,Settled,Model A,2020
51,Engine,2023-03-23,87.58,Settled,Model D,2019
52,Airbag,2019-12-16,786.17,Settled,Model B,2017
53,Headlight,2019-07-12,530.69,Settled,Model D,2018
54,Alternator,2020-08-30,76.58,Settled,Model B,2020
55,Battery,2021-07-19,937.42,Settled,Model E,2022
56,Brake,2021-05-11,407.55,Settled,Model A,2018
57,Tire,2021-04-12,1226.23,Settled,Model A,2019
58,Radiator,2022-09-19,1804.29,Settled,Model E,2018
59,Brake,2019-04-18,375.2,Settled,Model C,2020
60,Alternator,2023-05-05,996.9,Rejected,Model A,2022
61,Tire,2019-03-28,596.16,Settled,Model B,2015
62,Battery,2023-03-07,1921.41,Settled,Model D,2018
63,Headlight,2021-03-14,171.3,Settled,Model D,2016
64,Radiator,2021-10-15,1725.17,Rejected,Model A,2017
65,Airbag,2019-04-25,1236.41,Rejected,Model A,2019
66,Radiator,2018-08-28,1976.85,Rejected,Model A,2022
67,Transmission,2023-02-28,1040.67,Rejected,Model B,2015
68,Radiator,2021-03-23,200.18,Settled,Model E,2020
69,Brake,2019-02-26,1926.98,Settled,Model B,2016
70,Radiator,2021-07-13,661.76,Rejected,Model A,2018
71,Airbag,2020-12-01,131.97,Rejected,Model E,2021
72,Headlight,2019-10-18,1033.91,Settled,Model B,2020
73,Tire,2021-01-27,1086.19,Rejected,Model B,2020
74,Airbag,2021-07-02,1607.51,Settled,Model A,2018
75,Radiator,2021-06-14,610.73,Rejected,Model D,2015
76,Radiator,2021-01-24,1090.91,Settled,Model B,2021
77,Headlight,2020-11-14,599.65,Settled,Model A,2020
78,Tire,2020-05-19,288.49,Settled,Model C,2020
79,Exhaust,2021-02-04,984.9,Rejected,Model D,2021
80,Headlight,2021-09-28,1678.58,Settled,Model C,2018
81,,2020-04-09,1013.76,Settled,Model C,2015
82,,2022-12-12,257.32,Rejected,Model E,2022
83,Battery,2022-04-24,1705.77,Rejected,Model A,2017
84,Brake,2022-09-16,1064.35,Rejected,Model D,2018
85,,2021-12-03,95.36,Rejected,Model A,2019
86,Airbag,2018-12-01,941.96,Settled,Model E,2022
87,Airbag,2020-05-24,1436.91,Rejected,Model A,2018
88,Exhaust,2022-11-17,1607.98,Settled,Model C,2016
89,Battery,2021-05-26,679.22,Settled,Model C,2020
90,Battery,2023-07-28,818.55,Rejected,Model E,2021
91,Radiator,2022-04-18,404.75,Settled,Model B,2019
92,Tire,2022-04-16,1521.4,Settled,Model A,2021
93,Alternator,2023-01-04,549.25,Rejected,Model A,2021
94,Radiator,2022-01-27,558.61,Rejected,Model E,2020
95,Alternator,2019-12-18,1730.3,Rejected,Model C,2022
96,Engine,2020-12-16,1216.13,Settled,Model A,2019
97,Exhaust,2022-01-26,238.27,Settled,Model E,2017
98,Battery,2022-12-16,1931.03,Settled,Model B,2022
99,Brake,2018-09-24,1257.43,Settled,Model E,2017
100,Battery,2020-03-05,1229.26,Settled,Model C,2017
101,Engine,2018-12-25,736.39,Settled,Model D,2017
102,Airbag,2019-07-05,1803.7,Settled,Model B,2019
103,Alternator,2020-02-06,225.09,Rejected,Model B,2017
104,Exhaust,2020-10-31,1077.51,Settled,Model C,2017
105,Exhaust,2022-11-22,1126.35,Settled,Model E,2016
106,Engine,2019-06-25,1655.35,Rejected,Model E,2020
107,Alternator,2019-12-17,204.37,Rejected,Model A,2019
108,Tire,2020-02-13,907.3,Settled,Model A,2018
109,Exhaust,2020-09-22,1426.45,Settled,Model B,2017
110,Brake,2022-04-24,1965.54,Rejected,Model B,2022
111,Brake,2021-04-23,1484.23,Settled,Model D,2020
112,Battery,2021-10-07,543.34,Rejected,Model A,2018
113,Headlight,2020-07-31,794.08,Settled,Model A,2020
114,Radiator,2018-09-23,567.62,Rejected,Model B,2016
115,Airbag,2022-03-06,4306.58,Rejected,Model C,2020
116,Battery,2020-06-18,1118.16,Settled,Model C,2016
117,Transmission,2020-11-14,1229.32,Settled,Model D,2019
118,Headlight,2020-12-21,1683.76,Settled,Model B,2016
119,Brake,2020-11-01,841.33,Rejected,Model A,2019
120,Tire,2022-01-27,984.29,Settled,Model E,2020
121,Airbag,2021-07-26,1367.14,Rejected,Model A,2018
122,Engine,2020-02-12,876.25,Settled,Model C,2020
123,Exhaust,2019-09-19,1043.27,Settled,Model C,2020
124,Tire,2021-09-22,1134.94,Settled,Model C,2016
125,Engine,2019-01-08,543.61,Rejected,Model E,2018
126,Tire,2019-09-09,1461.6,Settled,Model D,2015
127,Engine,2020-11-29,70.86,Rejected,Model A,2016
128,Engine,2019-03-22,864.14,Settled,Model D,2022
129,Battery,2019-01-09,1192.73,Settled,Model D,2020
130,Alternator,2020-10-10,476.04,Settled,Model A,2020
131,Brake,2019-12-02,1257.27,Settled,Model B,2015
132,Alternator,2019-06-24,1119.4,Rejected,Model C,2016
133,Airbag,2022-04-05,217.75,Settled,Model B,2020
134,Exhaust,2020-12-24,537.49,Settled,Model B,2015
135,Headlight,2022-02-10,1482.66,Rejected,Model A,2020
136,Radiator,2019-06-06,192.77,Settled,Model A,2019
137,Alternator,2021-04-07,210.43,Rejected,Model A,2021
138,Alternator,2020-07-17,655.03,Rejected,Model C,2019
139,Transmission,2022-07-01,1336.99,Settled,Model D,2015
140,Engine,2019-09-01,117.61,Rejected,Model B,2016
141,,2019-04-26,367.02,Settled,Model D,2020
142,Brake,2022-12-19,740.84,Settled,Model A,2020
143,Exhaust,2022-12-27,1182.98,Settled,Model D,2017
144,Exhaust,2021-06-05,551.16,Rejected,Model A,2021
145,Airbag,2020-11-30,713.41,Settled,Model B,2020
146,Transmission,2023-07-30,721.76,Rejected,Model D,2019
147,Tire,2018-10-12,272.9,Settled,Model B,2017
148,Brake,2022-07-07,1470.41,Settled,Model A,2020
149,Airbag,2022-08-09,122.42,Rejected,Model C,2019
150,Tire,2020-03-17,614.66,Settled,Model E,2015
151,Battery,2023-01-05,1577.18,Settled,Model E,2016
152,Battery,2022-06-18,1870.59,Rejected,Model B,2019
153,Exhaust,2022-07-06,1507.84,Rejected,Model C,2020
154,Tire,2021-03-27,1796.66,Settled,Model C,2018
155,Brake,2021-04-18,1255.61,Rejected,Model B,2022
156,Transmission,2022-11-20,65.15,Settled,Model D,2019
157,Battery,2023-06-22,229.87,Settled,Model A,2017
158,Headlight,2023-06-16,1143.86,Settled,Model B,2021
159,Exhaust,2019-04-03,1092.07,Rejected,Model B,2021
160,,2023-01-14,1581.64,Settled,Model C,2016
161,Tire,2018-10-20,270.39,Rejected,Model C,2017
162,Radiator,2022-03-30,948.4,Settled,Model A,2019
163,Exhaust,2019-12-01,917.75,Settled,Model A,2022
164,Engine,2020-02-02,1633.88,Rejected,Model D,2018
165,Tire,2019-02-08,519.11,Rejected,Model C,2018
166,Brake,2020-05-02,1764.37,Settled,Model B,2020
167,Engine,2020-05-27,1027.95,Settled,Model D,2022
168,Battery,2018-12-12,1177.33,Settled,Model C,2016
169,Airbag,2021-05-23,1990.94,Settled,Model A,2021
170,Brake,2022-08-25,3014.03,Settled,Model D,2020
171,Radiator,2020-08-03,1422.68,Settled,Model B,2017
172,Engine,2021-03-17,1795.46,Settled,Model A,2015
173,Headlight,2020-05-22,1544.3,Settled,Model E,2020
174,Brake,2019-08-01,1092.95,Settled,Model E,2022
175,Engine,2020-09-02,1622.43,Rejected,Model C,2018
176,Tire,2019-02-18,1313.36,Settled,Model E,2016
177,,2020-05-02,1290.57,Settled,Model A,2019
178,Exhaust,2022-12-02,1650.39,Rejected,Model B,2022
179,Engine,2021-01-20,1549.03,Settled,Model A,2022
180,Brake,2023-01-10,544.37,Rejected,Model E,2022
181,Exhaust,2023-02-16,108.54,Settled,Model D,2021
182,Exhaust,2019-09-09,1759.97,Rejected,Model E,2020
183,Engine,2020-03-29,429.26,Settled,Model B,2022
184,Battery,2022-12-18,1316.44,Rejected,Model D,2015
185,,2019-02-17,270.11,Rejected,Model B,2020
186,Engine,2018-10-27,445.82,Rejected,Model B,2017
187,Radiator,2019-10-13,563.05,Settled,Model B,2016
188,,2020-05-10,244.31,Rejected,Model E,2020
189,Exhaust,2022-12-11,379.97,Settled,Model C,2017
190,Exhaust,2019-07-20,274.04,Settled,Model D,2017
191,Tire,2022-03-16,128.19,Rejected,Model E,2016
192,Exhaust,2020-09-20,344.97,Settled,Model D,2019
193,Brake,2023-05-17,1710.41,Settled,Model E,2018
194,Exhaust,2019-08-21,1130.64,Rejected,Model D,2018
195,Engine,2021-08-30,1704.06,Settled,Model B,2016
196,Tire,2019-08-07,1974.69,Settled,Model D,2022
197,Airbag,2018-11-01,1649.3,Settled,Model A,2018
198,Brake,2021-03-27,4095.09,Settled,Model B,2020
199,Exhaust,2022-02-28,603.92,Rejected,Model A,2022
200,Engine,2019-10-05,159.73,Settled,Model D,2019
201,Headlight,2019-09-06,1399.07,Rejected,Model A,2018
202,Battery,2020-06-20,1142.3,Settled,Model D,2018
203,Battery,2023-03-29,1223.54,Settled,Model C,2015
204,Brake,2020-08-22,414.45,Settled,Model D,2016
205,Transmission,2023-07-18,444.71,Settled,Model C,2020
206,Engine,2021-01-08,1269.44,Settled,Model A,2015
207,Transmission,2023-08-04,1118.0,Settled,Model A,2015
208,,2018-11-17,1926.75,Settled,Model B,2019
209,Headlight,2020-11-15,1218.97,Settled,Model C,2018
210,Exhaust,2018-11-02,1454.25,Settled,Model D,2022
211,Headlight,2019-10-16,1516.46,Rejected,Model D,2020
212,Alternator,2022-08-04,1233.09,Settled,Model C,2020
213,Transmission,2018-11-14,562.54,Settled,Model C,2018
214,Brake,2019-10-13,859.8,Settled,Model C,2021
215,Tire,2023-02-06,606.13,Settled,Model A,2019
216,Brake,2018-12-10,930.03,Rejected,Model A,2021
217,Airbag,2022-01-09,436.27,Settled,Model D,2020
218,Headlight,2020-01-19,1119.06,Rejected,Model E,2016
219,Radiator,2022-12-01,1838.67,Settled,Model E,2020
220,Transmission,2020-02-09,139.94,Settled,Model C,2018
221,Brake,2019-02-24,1537.06,Settled,Model B,2021
222,Brake,2021-10-07,482.17,Rejected,Model C,2019
223,Battery,2022-10-25,1947.77,Settled,Model D,2015
224,Transmission,2023-01-03,1176.03,Rejected,Model A,2017
225,Battery,2018-10-06,436.05,Settled,Model C,2019
226,Tire,2022-08-25,1509.25,Settled,Model D,2022
227,Transmission,2020-01-04,910.35,Settled,Model E,2019
228,Battery,2022-07-27,1502.36,Settled,Model A,2018
229,Alternator,2023-04-28,364.44,Settled,Model C,2017
230,Engine,2020-11-20,1008.42,Settled,Model B,2021
231,Transmission,2020-04-13,1381.85,Rejected,Model A,2017
232,Radiator,2020-11-11,900.07,Rejected,Model E,2020
233,Tire,2021-06-20,1376.71,Rejected,Model B,2016
234,Engine,2019-09-23,1399.52,Rejected,Model D,2016
235,Transmission,2022-08-31,1132.04,Settled,Model E,2021
236,Transmission,2019-01-26,788.27,Rejected,Model E,2017
237,Headlight,2020-11-13,294.5,Settled,Model D,2017
238,Transmission,2022-01-07,1878.95,Rejected,Model A,2017
239,Transmission,2023-07-10,113.61,Settled,Model C,2022
240,Battery,2018-09-20,277.73,Settled,Model C,2020
241,Alternator,2021-04-27,1230.93,Settled,Model D,2021
242,Battery,2019-11-30,1426.98,Settled,Model B,2015
243,Battery,2019-05-24,1992.09,Settled,Model E,2015
244,Engine,2021-10-13,739.71,Rejected,Model B,2015
245,Transmission,2019-04-03,787.31,Settled,Model C,2018
246,Tire,2022-03-11,131.52,Settled,Model E,2020
247,Airbag,2022-09-15,126.02,Settled,Model E,2022
248,Tire,2018-10-16,659.99,Settled,Model C,2019
249,Exhaust,2020-11-05,1182.94,Settled,Model C,2021
250,Engine,2021-02-20,3004.81,Rejected,Model C,2019
251,Brake,2020-03-22,722.5,Rejected,Model D,2017
252,Alternator,2023-04-06,165.66,Settled,Model D,2020
253,Transmission,2019-11-19,50.9,Rejected,Model C,2021
254,Battery,2021-02-11,982.35,Settled,Model C,2015
255,,2021-07-07,496.34,Settled,Model B,2022
256,Transmission,2021-05-31,1282.86,Rejected,Model A,2017
257,Exhaust,2018-10-31,105.17,Rejected,Model E,2021
258,Engine,2023-04-11,885.07,Rejected,Model D,2018
259,Radiator,2021-12-09,276.17,Settled,Model D,2021
260,Engine,2022-04-20,433.17,Rejected,Model D,2022
261,Transmission,2019-05-17,1464.52,Settled,Model C,2021
262,Engine,2018-10-05,488.13,Settled,Model D,2016
263,Airbag,2019-12-10,939.7,Settled,Model D,2020
264,Airbag,2019-03-23,1260.71,Settled,Model C,2018
265,Airbag,2019-02-10,1150.96,Rejected,Model B,2020
266,Exhaust,2018-09-23,142.58,Rejected,Model E,2022
267,,2023-03-03,1364.62,Settled,Model C,2022
268,Headlight,2020-03-10,1294.11,Settled,Model A,2019
269,Engine,2018-09-15,1170.83,Settled,Model B,2016
270,Brake,2023-06-30,599.08,Rejected,Model D,2021
271,Engine,2023-05-17,725.71,Settled,Model D,2015
272,Radiator,2020-11-18,1854.37,Rejected,Model D,2017
273,Engine,2020-03-18,1818.35,Rejected,Model E,2016
274,Alternator,2019-04-02,636.89,Settled,Model A,2020
275,Alternator,2022-04-26,1366.94,Rejected,Model D,2015
276,Alternator,2021-05-12,869.04,Rejected,Model B,2018
277,Brake,2022-11-21,430.15,Settled,Model D,2019
278,Headlight,2019-07-02,1912.36,Settled,Model B,2018
279,Brake,2019-01-02,475.17,Rejected,Model B,2021
280,Radiator,2023-03-06,355.54,Settled,Model A,2015
281,Radiator,2019-12-03,594.34,Settled,Model B,2018
282,Alternator,2022-04-26,787.47,Rejected,Model D,2015
283,,2019-11-11,3874.05,Rejected,Model D,2018
284,Alternator,2020-08-01,1686.23,Settled,Model B,2016
285,Battery,2022-06-15,1493.36,Rejected,Model D,2015
286,Headlight,2020-05-23,889.8,Settled,Model D,2018
287,Alternator,2020-01-04,466.19,Settled,Model A,2022
288,Airbag,2021-11-19,100.44,Settled,Model A,2022
289,,2023-02-04,952.29,Settled,Model A,2015
290,Alternator,2020-01-21,560.21,Settled,Model E,2018
291,Radiator,2018-11-18,171.82,Settled,Model C,2022
292,Tire,2018-12-10,943.99,Settled,Model D,2019
293,Transmission,2023-03-14,1012.43,Rejected,Model B,2019
294,Transmission,2021-08-05,1893.89,Settled,Model C,2017
295,Brake,2021-03-06,1771.8,Settled,Model A,2021
296,Engine,2020-07-21,255.05,Settled,Model D,2016
297,Transmission,2018-11-18,1298.35,Rejected,Model B,2020
298,Engine,2023-02-27,1809.07,Settled,Model C,2019
299,Brake,2019-09-25,1120.45,Rejected,Model B,2017
300,Alternator,2022-12-13,573.21,Settled,Model D,2018
301,,2022-12-22,744.81,Rejected,Model B,2015
302,Transmission,2018-11-24,1365.7,Settled,Model D,2017
303,Engine,2022-06-17,886.85,Settled,Model B,2017
304,Transmission,2021-02-09,870.59,Rejected,Model D,2016
305,Battery,2020-05-09,1512.08,Settled,Model B,2019
306,Exhaust,2019-11-26,630.31,Rejected,Model A,2018
307,Brake,2018-10-27,1829.33,Rejected,Model E,2017
308,Brake,2019-05-19,1938.73,Settled,Model C,2019
309,Radiator,2021-05-23,283.22,Rejected,Model B,2020
310,Battery,2022-03-05,1523.32,Rejected,Model E,2015
311,Alternator,2023-01-06,326.47,Rejected,Model C,2021
312,Radiator,2022-11-10,839.47,Rejected,Model E,2022
313,Engine,2022-02-19,236.38,Settled,Model A,2019
314,Radiator,2020-03-29,1663.72,Settled,Model A,2019
315,Radiator,2018-09-10,224.39,Rejected,Model C,2019
316,Alternator,2023-06-12,1967.37,Settled,Model C,2016
317,Headlight,2019-11-02,61.95,Settled,Model A,2015
318,Radiator,2021-03-07,55.7,Settled,Model D,2018
319,Exhaust,2022-09-07,706.74,Rejected,Model C,2015
320,Transmission,2019-03-07,1974.49,Settled,Model C,2019
321,,2019-02-19,1412.97,Settled,Model E,2021
322,Radiator,2022-12-09,494.94,Rejected,Model C,2021
323,Engine,2019-08-06,1011.91,Settled,Model C,2021
324,Battery,2022-05-31,568.59,Settled,Model A,2015
325,Tire,2019-03-25,1792.34,Rejected,Model A,2017
326,Alternator,2019-04-07,650.31,Rejected,Model C,2019
327,Engine,2023-02-16,1101.37,Settled,Model B,2018
328,Tire,2018-12-21,1416.45,Settled,Model C,2018
329,Exhaust,2020-04-02,1895.75,Rejected,Model E,2015
330,Radiator,2020-09-27,1799.09,Settled,Model A,2016
331,Radiator,2018-12-12,267.5,Settled,Model D,2015
332,Battery,2019-07-25,299.61,Settled,Model A,2018
333,Airbag,2018-09-07,489.12,Rejected,Model B,2021
334,Transmission,2023-07-30,137.45,Settled,Model B,2021
335,Brake,2022-08-03,1694.09,Settled,Model C,2018
336,Alternator,2020-01-16,256.39,Settled,Model E,2022
337,Headlight,2021-11-30,835.18,Rejected,Model D,2019
338,Transmission,2022-08-27,644.48,Settled,Model C,2016
339,Exhaust,2023-04-27,924.15,Settled,Model D,2022
340,Airbag,2022-09-19,1428.39,Settled,Model A,2015
341,Tire,2021-10-29,825.95,Settled,Model E,2015
342,Transmission,2022-05-26,3945.41,Settled,Model D,2015
343,Exhaust,2019-09-07,1680.35,Settled,Model A,2018
344,Headlight,2022-09-06,1686.67,Settled,Model C,2016
345,Tire,2022-05-05,1040.33,Settled,Model C,2017
346,Exhaust,2023-05-23,69.77,Rejected,Model B,2020
347,Battery,2022-08-27,966.63,Settled,Model A,2017
348,Brake,2021-04-24,1566.99,Settled,Model B,2015
349,Transmission,2020-09-26,429.47,Rejected,Model E,2015
350,Airbag,2018-11-15,1095.79,Rejected,Model E,2019
351,Transmission,2019-11-10,74.86,Settled,Model B,2019
352,Transmission,2023-06-24,1250.9,Settled,Model C,2016
353,Brake,2021-01-22,561.75,Settled,Model E,2015
354,Headlight,2021-11-17,830.08,Settled,Model A,2022
355,Headlight,2022-11-29,1100.37,Rejected,Model D,2021
356,Headlight,2019-08-11,133.44,Settled,Model B,2015
357,Exhaust,2021-06-08,1159.07,Settled,Model C,2020
358,Transmission,2019-07-13,1614.75,Rejected,Model E,2015
359,Engine,2021-07-18,1923.94,Settled,Model B,2019
360,Exhaust,2021-10-01,109.0,Settled,Model B,2021
361,Engine,2022-02-20,764.74,Settled,Model B,2021
362,Radiator,2021-07-23,164.59,Settled,Model A,2022
363,Battery,2020-10-20,1569.22,Rejected,Model C,2020
364,Transmission,2018-12-07,332.93,Settled,Model D,2015
365,Engine,2021-07-26,1972.89,Settled,Model D,2017
366,Exhaust,2021-11-21,452.66,Settled,Model D,2017
367,Battery,2020-07-17,1781.43,Rejected,Model C,2019
368,Brake,2020-09-24,1011.42,Rejected,Model A,2022
369,Tire,2018-11-18,696.58,Rejected,Model E,2021
370,Battery,2022-12-24,826.75,Settled,Model E,2015
371,Alternator,2022-06-21,1060.54,Rejected,Model C,2021
372,Alternator,2019-12-26,1365.62,Settled,Model E,2019
373,Transmission,2019-08-06,1440.79,Rejected,Model E,2021
374,Radiator,2021-07-30,245.65,Rejected,Model C,2016
375,Battery,2020-07-30,1257.47,Settled,Model E,2017
376,Tire,2020-11-09,1904.19,Settled,Model D,2019
377,Airbag,2018-11-25,1829.32,Settled,Model A,2021
378,Tire,2023-05-18,216.45,Rejected,Model E,2021
379,Radiator,2018-11-05,937.03,Rejected,Model D,2015
380,Brake,2020-11-19,944.64,Rejected,Model A,2021
381,Airbag,2020-12-28,535.83,Settled,Model B,2021
382,Airbag,2021-03-23,60.93,Settled,Model B,2022
383,Engine,2022-01-29,279.83,Rejected,Model A,2021
384,Tire,2019-01-20,283.24,Settled,Model E,2016
385,Radiator,2023-01-01,1891.78,Settled,Model E,2022
386,,2019-05-21,4913.54,Settled,Model E,2018
387,Airbag,2020-06-06,1899.03,Rejected,Model A,2016
388,Radiator,2021-12-14,4788.36,Settled,Model E,2020
389,Exhaust,2021-04-21,1830.44,Rejected,Model E,2021
390,Brake,2018-08-23,1650.29,Settled,Model A,2017
391,Exhaust,2021-11-24,478.96,Settled,Model A,2022
392,Brake,2021-03-17,871.97,Settled,Model C,2018
393,Brake,2019-10-22,979.67,Settled,Model B,2020
394,Brake,2022-09-06,1420.08,Settled,Model E,2016
395,Battery,2022-07-31,439.01,Settled,Model A,2021
396,Brake,2020-12-22,199.86,Rejected,Model C,2020
397,Exhaust,2022-08-27,653.63,Rejected,Model C,2020
398,Airbag,2021-06-29,100.54,Settled,Model D,2018
399,Transmission,2022-08-02,1982.38,Settled,Model C,2020
400,Alternator,2019-02-25,837.26,Rejected,Model B,2019
401,Transmission,2020-07-02,418.96,Rejected,Model A,2022
402,Headlight,2020-01-15,1699.46,Settled,Model A,2020
403,Radiator,2020-04-10,1931.61,Rejected,Model A,2022
404,Engine,2021-06-18,330.16,Rejected,Model D,2015
405,Airbag,2020-11-27,1103.12,Rejected,Model C,2015
406,Headlight,2018-10-24,373.04,Rejected,Model D,2016
407,Alternator,2020-03-10,1270.1,Settled,Model A,2022
408,Alternator,2019-10-08,1685.35,Settled,Model C,2022
409,Brake,2021-08-18,1265.79,Rejected,Model E,2016
410,Battery,2019-11-08,651.35,Settled,Model D,2018
411,Battery,2018-12-09,402.38,Settled,Model B,2016
412,,2019-06-19,1453.33,Settled,Model B,2017
413,Alternator,2022-09-06,165.53,Settled,Model D,2015
414,Battery,2019-06-09,727.31,Settled,Model A,2017
415,Headlight,2020-01-22,1562.02,Rejected,Model D,2022
416,Exhaust,2019-01-24,1745.65,Rejected,Model A,2019
417,Exhaust,2021-04-28,744.32,Settled,Model C,2022
418,Tire,2019-08-05,65.47,Settled,Model B,2015
419,Headlight,2020-03-16,531.96,Settled,Model C,2019
420,Engine,2021-07-16,1321.1,Rejected,Model B,2018
421,Brake,2020-02-21,1740.22,Settled,Model B,2019
422,Radiator,2020-04-25,1394.46,Settled,Model C,2018
423,Exhaust,2019-01-13,451.7,Rejected,Model B,2015
424,Engine,2019-01-23,732.6,Rejected,Model D,2020
425,Tire,2021-05-03,1821.13,Rejected,Model E,2021
426,Engine,2022-02-04,506.47,Rejected,Model E,2017
427,Battery,2022-09-17,1645.41,Rejected,Model C,2020
428,Engine,2021-08-14,357.64,Settled,Model A,2016
429,Engine,2023-08-09,436.91,Rejected,Model D,2022
430,Tire,2020-03-29,130.55,Settled,Model A,2019
431,Transmission,2019-10-29,376.49,Settled,Model A,2021
432,Transmission,2023-07-08,641.96,Settled,Model E,2016
433,Tire,2023-03-12,480.35,Settled,Model B,2021
434,Airbag,2021-06-02,289.41,Settled,Model E,2015
435,Engine,2022-02-26,1351.56,Settled,Model C,2021
436,Exhaust,2022-06-25,758.65,Settled,Model A,2016
437,Exhaust,2021-04-17,1126.89,Rejected,Model E,2019
438,Transmission,2020-08-09,532.7,Settled,Model A,2019
439,Alternator,2020-10-14,1884.86,Settled,Model E,2017
440,Tire,2019-07-08,354.34,Rejected,Model B,2019
441,Brake,2022-04-23,1016.2,Rejected,Model C,2018
442,Exhaust,2019-10-07,564.65,Settled,Model E,2015
443,Headlight,2019-02-23,1680.19,Settled,Model E,2016
444,,2021-01-27,532.4,Rejected,Model D,2015
445,Transmission,2019-10-19,406.58,Rejected,Model A,2020
446,Airbag,2020-05-16,109.44,Rejected,Model A,2018
447,Transmission,2019-10-09,1309.87,Settled,Model A,2016
448,Transmission,2021-10-29,877.64,Settled,Model D,2016
449,Radiator,2022-10-28,1541.43,Settled,Model D,2019
450,Airbag,2020-04-10,1207.94,Rejected,Model C,2017
451,Alternator,2020-05-24,642.53,Settled,Model B,2020
452,Battery,2020-01-31,1168.03,Settled,Model B,2021
453,Exhaust,2020-06-13,203.62,Settled,Model A,2017
454,Brake,2020-07-08,332.63,Settled,Model B,2020
455,Battery,2023-05-22,1257.05,Settled,Model B,2016
456,Transmission,2019-03-19,797.31,Rejected,Model C,2017
457,Headlight,2019-02-28,223.22,Settled,Model E,2018
458,Engine,2020-02-20,461.05,Settled,Model B,2020
459,Tire,2022-06-23,1478.58,Rejected,Model C,2021
460,Radiator,2023-07-23,488.51,Settled,Model B,2016
461,Transmission,2021-09-03,236.13,Settled,Model C,2022
462,Brake,2022-01-26,823.94,Settled,Model A,2016
463,Alternator,2023-01-14,1708.88,Rejected,Model A,2022
464,Engine,2018-09-23,829.47,Settled,Model D,2020
465,Headlight,2019-02-24,972.36,Settled,Model B,2015
466,Engine,2018-10-01,1921.28,Settled,Model C,2018
467,,2019-08-07,1058.52,Settled,Model E,2019
468,Brake,2020-07-30,1984.51,Settled,Model D,2020
469,Brake,2020-12-27,650.46,Settled,Model E,2016
470,Alternator,2019-10-01,1352.76,Settled,Model B,2018
471,Tire,2020-08-22,334.07,Settled,Model A,2021
472,Tire,2022-06-05,103.91,Rejected,Model B,2017
473,Brake,2020-05-01,424.82,Rejected,Model E,2015
474,Engine,2021-04-26,1953.77,Rejected,Model B,2021
475,Headlight,2021-11-20,1188.75,Settled,Model A,2016
476,Exhaust,2022-01-30,874.7,Settled,Model C,2015
477,Tire,2021-10-03,97.42,Settled,Model B,2018
478,Radiator,2021-06-19,1244.61,Rejected,Model C,2021
479,Airbag,2022-06-27,527.37,Settled,Model D,2015
480,Engine,2020-10-27,1070.07,Rejected,Model E,2019
481,Headlight,2023-05-16,1220.8,Settled,Model E,2018
482,Airbag,2021-07-10,1822.08,Rejected,Model D,2021
483,Exhaust,2023-01-29,1960.58,Settled,Model B,2016
484,Tire,2021-05-04,1353.78,Rejected,Model A,2019
485,,2018-08-27,1246.91,Rejected,Model E,2021
486,Exhaust,2021-07-11,50.46,Settled,Model D,2020
487,Radiator,2020-08-29,1207.51,Rejected,Model E,2021
488,Battery,2021-03-24,1201.52,Rejected,Model C,2022
489,Tire,2021-07-09,380.45,Settled,Model C,2021
490,Tire,2021-01-21,546.49,Settled,Model E,2020
491,Brake,2023-03-09,583.17,Settled,Model A,2021
492,Headlight,2022-02-27,1179.43,Settled,Model B,2022
493,Brake,2023-01-09,1526.63,Settled,Model B,2018
494,Battery,2019-08-06,1527.28,Rejected,Model A,2018
495,Airbag,2020-09-12,626.38,Rejected,Model C,2018
496,Transmission,2023-04-27,1423.6,Rejected,Model C,2017
497,Battery,2020-07-21,459.39,Settled,Model E,2015
498,Battery,2023-01-17,1954.44,Settled,Model B,2020
499,Brake,2022-02-04,769.58,Settled,Model E,2022
500,Tire,2023-08-09,235.4,Rejected,Model D,2017
501,Alternator,2023-03-05,1320.87,Rejected,Model C,2015
502,Alternator,2020-06-17,1906.24,Rejected,Model E,2020
503,Airbag,2021-01-23,1285.88,Rejected,Model E,2020
504,Headlight,2021-07-02,1498.78,Rejected,Model B,2016
505,Airbag,2022-11-24,1139.9,Settled,Model A,2020
506,Battery,2020-07-14,906.92,Rejected,Model D,2018
507,Transmission,2021-03-11,674.57,Settled,Model E,2015
508,Radiator,2019-10-15,1253.06,Rejected,Model C,2019
509,Headlight,2021-10-23,184.91,Settled,Model A,2016
510,Brake,2023-08-05,1034.73,Settled,Model B,2017
511,Exhaust,2019-04-13,415.43,Settled,Model C,2021
512,Alternator,2023-04-08,1026.03,Settled,Model A,2019
513,Airbag,2019-11-16,1527.82,Rejected,Model A,2020
514,Headlight,2023-01-30,150.29,Settled,Model C,2019
515,Transmission,2022-12-19,916.49,Settled,Model E,2018
516,Tire,2021-02-15,711.29,Rejected,Model A,2020
517,Battery,2018-12-29,741.23,Rejected,Model A,2016
518,Exhaust,2019-04-15,932.05,Rejected,Model E,2020
519,Airbag,2020-09-24,1037.1,Settled,Model E,2019
520,Transmission,2019-12-28,1126.08,Settled,Model B,2019
521,Headlight,2023-06-17,208.1,Rejected,Model C,2020
522,Tire,2023-08-10,1916.7,Settled,Model E,2021
523,Radiator,2022-07-14,722.01,Settled,Model C,2020
524,Brake,2020-08-27,1026.59,Settled,Model A,2021
525,Engine,2022-12-21,1752.68,Rejected,Model B,2018
526,Headlight,2023-08-01,900.34,Rejected,Model E,2020
527,Tire,2023-06-20,1716.42,Settled,Model D,2021
528,Radiator,2021-11-17,852.51,Settled,Model D,2017
529,Engine,2019-07-10,4768.41,Rejected,Model C,2020
530,Radiator,2019-05-03,745.8,Settled,Model A,2020
531,Transmission,2023-01-18,513.49,Rejected,Model E,2021
532,Radiator,2023-02-26,803.48,Settled,Model D,2019
533,Brake,2020-06-13,1277.76,Settled,Model E,2017
534,Engine,2022-11-11,561.57,Rejected,Model A,2019
535,Engine,2023-02-24,431.48,Rejected,Model B,2020
536,Exhaust,2020-01-02,1584.45,Rejected,Model C,2021
537,Radiator,2021-11-07,1729.76,Settled,Model D,2020
538,Exhaust,2022-10-14,763.93,Rejected,Model A,2019
539,Headlight,2020-04-19,4536.14,Settled,Model B,2017
540,Tire,2020-07-31,1273.7,Settled,Model C,2019
541,Airbag,2018-11-21,245.63,Settled,Model C,2019
542,Tire,2019-12-26,1342.31,Settled,Model C,2019
543,Exhaust,2020-12-25,3900.18,Rejected,Model B,2022
544,Brake,2020-01-30,1333.7,Settled,Model E,2021
545,Exhaust,2020-03-22,1532.67,Settled,Model D,2022
546,,2019-07-17,230.93,Settled,Model E,2019
547,,2018-11-27,1936.74,Settled,Model E,2016
548,Engine,2022-01-30,1529.51,Rejected,Model C,2015
549,Brake,2018-10-13,4188.64,Rejected,Model C,2017
550,Radiator,2020-11-02,1726.75,Rejected,Model C,2020
551,Radiator,2019-03-02,625.54,Rejected,Model A,2022
552,Alternator,2022-08-30,1787.6,Settled,Model C,2020
553,Alternator,2021-05-22,1241.26,Rejected,Model D,2020
554,Radiator,2020-04-25,1647.18,Rejected,Model B,2018
555,,2020-10-12,1110.92,Rejected,Model B,2019
556,Battery,2021-06-01,57.21,Settled,Model A,2016
557,Alternator,2019-07-07,1773.11,Settled,Model C,2018
558,Tire,2020-07-03,1472.78,Settled,Model E,2016
559,Alternator,2021-09-21,1119.94,Settled,Model D,2019
560,Engine,2022-04-05,1793.19,Settled,Model D,2017
561,Brake,2021-01-11,997.12,Rejected,Model C,2022
562,Exhaust,2022-05-06,381.25,Rejected,Model A,2015
563,Headlight,2020-12-15,979.85,Rejected,Model B,2015
564,Tire,2023-02-17,1449.12,Rejected,Model E,2022
565,Headlight,2021-10-29,777.96,Settled,Model B,2017
566,Radiator,2023-07-16,1445.01,Settled,Model B,2021
567,Airbag,2022-06-04,1495.62,Rejected,Model B,2015
568,Battery,2021-10-05,1558.03,Rejected,Model D,2017
569,Battery,2021-01-06,124.51,Rejected,Model E,2021
570,Brake,2020-11-28,735.87,Settled,Model C,2015
571,,2022-06-18,1785.15,Settled,Model E,2017
572,Radiator,2020-03-19,1895.89,Settled,Model E,2015
573,Airbag,2021-11-10,1726.62,Settled,Model A,2019
574,Airbag,2021-10-08,978.94,Settled,Model A,2015
575,Battery,2020-03-01,4413.55,Settled,Model E,2019
576,Engine,2020-01-04,1984.04,Settled,Model B,2020
577,Engine,2022-10-23,757.25,Rejected,Model C,2022
578,Battery,2019-09-16,421.67,Settled,Model B,2019
579,Exhaust,2021-07-30,1915.22,Rejected,Model A,2020
580,Headlight,2022-11-14,531.52,Rejected,Model B,2017
581,Exhaust,2021-12-12,4049.71,Settled,Model B,2019
582,,2020-08-10,986.23,Settled,Model C,2019
583,Headlight,2018-10-30,815.42,Rejected,Model B,2020
584,Tire,2018-09-30,1848.07,Rejected,Model B,2015
585,,2020-07-09,872.87,Rejected,Model E,2017
586,Exhaust,2020-06-13,1805.95,Rejected,Model D,2022
587,Transmission,2020-07-18,511.69,Settled,Model D,2021
588,Battery,2021-07-28,101.89,Settled,Model C,2017
589,Headlight,2021-04-15,1873.39,Settled,Model D,2017
590,Radiator,2019-03-02,1244.8,Rejected,Model A,2018
591,Radiator,2020-04-24,1287.41,Settled,Model C,2016
592,Tire,2020-09-20,1020.14,Rejected,Model B,2015
593,Alternator,2021-01-05,1575.71,Settled,Model D,2017
594,Tire,2021-10-22,308.65,Rejected,Model B,2020
595,Airbag,2020-05-18,1677.16,Settled,Model C,2018
596,Exhaust,2019-07-21,1560.26,Settled,Model B,2015
597,Battery,2020-05-11,844.37,Settled,Model E,2020
598,Exhaust,2019-04-15,562.45,Rejected,Model A,2021
599,Tire,2023-04-29,521.14,Settled,Model B,2018
600,Exhaust,2023-07-21,4047.05,Rejected,Model B,2015
601,Airbag,2018-10-16,1937.28,Settled,Model E,2018
602,Transmission,2022-05-17,423.79,Settled,Model B,2015
603,,2020-12-05,188.93,Settled,Model A,2019
604,Exhaust,2021-02-12,1242.49,Settled,Model C,2020
605,Tire,2020-05-17,1180.31,Rejected,Model C,2017
606,Exhaust,2021-06-09,1354.15,Settled,Model B,2022
607,Tire,2022-03-14,1583.26,Rejected,Model B,2017
608,Radiator,2023-02-02,1274.54,Settled,Model D,2019
609,Transmission,2019-01-15,1990.29,Settled,Model C,2022
610,Radiator,2022-01-15,504.3,Settled,Model A,2020
611,Tire,2020-12-07,1116.16,Rejected,Model C,2022
612,,2019-01-08,1406.0,Rejected,Model A,2017
613,Exhaust,2021-12-09,1330.75,Settled,Model E,2016
614,Tire,2018-12-13,898.54,Settled,Model D,2017
615,Tire,2020-04-07,723.39,Rejected,Model B,2019
616,Exhaust,2019-06-06,1557.84,Settled,Model D,2015
617,Exhaust,2018-09-13,742.01,Rejected,Model D,2020
618,Brake,2018-10-29,449.5,Settled,Model C,2016
619,Exhaust,2020-08-09,1092.48,Settled,Model E,2021
620,Transmission,2022-02-21,1239.34,Rejected,Model E,2016
621,Battery,2021-06-01,1700.37,Settled,Model D,2019
622,Engine,2023-08-08,1822.47,Settled,Model E,2022
623,Headlight,2020-11-03,295.72,Settled,Model E,2022
624,Engine,2019-07-16,1479.34,Settled,Model D,2015
625,Transmission,2023-05-08,713.47,Rejected,Model D,2018
626,,2022-05-24,807.51,Settled,Model A,2015
627,Engine,2018-09-07,1385.19,Settled,Model E,2017
628,Transmission,2021-06-01,1394.17,Rejected,Model D,2019
629,Brake,2020-02-24,132.37,Settled,Model C,2020
630,Brake,2021-11-22,1829.91,Rejected,Model A,2020
631,Transmission,2021-11-07,1131.27,Settled,Model E,2019
632,Airbag,2023-03-08,463.17,Settled,Model C,2015
633,Alternator,2023-08-22,4254.25,Settled,Model E,2015
634,Battery,2021-03-14,1159.8,Settled,Model D,2016
635,Brake,2020-12-05,960.18,Settled,Model A,2015
636,Brake,2018-11-25,550.83,Settled,Model B,2018
637,Headlight,2023-02-26,1656.83,Settled,Model D,2018
638,Headlight,2023-03-26,55.83,Rejected,Model E,2019
639,Radiator,2020-04-07,1115.05,Rejected,Model B,2019
640,Battery,2020-03-13,938.4,Settled,Model A,2018
641,Transmission,2022-01-30,1027.03,Settled,Model D,2018
642,Headlight,2020-03-02,723.65,Settled,Model D,2021
643,Brake,2023-06-06,1131.69,Settled,Model B,2018
644,Alternator,2023-06-26,774.61,Settled,Model B,2017
645,Headlight,2019-09-14,1842.53,Rejected,Model E,2020
646,Brake,2019-08-18,404.55,Settled,Model E,2021
647,Exhaust,2020-12-30,1297.94,Settled,Model A,2021
648,Transmission,2020-03-16,157.85,Rejected,Model E,2021
649,Transmission,2019-11-17,898.82,Settled,Model D,2020
650,Engine,2019-03-08,1111.32,Rejected,Model C,2019
651,Exhaust,2020-04-14,999.58,Settled,Model D,2015
652,Headlight,2021-05-14,553.07,Settled,Model E,2019
653,Engine,2022-06-14,694.88,Rejected,Model C,2021
654,Engine,2021-05-19,880.32,Settled,Model E,2015
655,Tire,2023-05-14,554.26,Rejected,Model B,2018
656,Tire,2023-06-29,1760.69,Rejected,Model C,2015
657,Brake,2021-08-29,1266.41,Settled,Model A,2018
658,Radiator,2019-08-19,266.47,Rejected,Model C,2016
659,Battery,2018-11-27,913.33,Settled,Model B,2022
660,Tire,2021-09-09,1897.49,Settled,Model D,2019
661,Radiator,2018-11-02,731.7,Settled,Model E,2016
662,Battery,2022-06-10,959.11,Rejected,Model C,2022
663,Headlight,2021-05-06,1823.91,Settled,Model B,2018
664,Transmission,2023-03-04,1953.86,Rejected,Model B,2015
665,Engine,2020-07-25,139.94,Rejected,Model A,2015
666,Engine,2019-07-17,1110.24,Settled,Model A,2015
667,Headlight,2022-11-11,914.65,Settled,Model B,2015
668,Brake,2023-04-15,1034.09,Rejected,Model D,2016
669,Tire,2019-07-20,1593.39,Settled,Model E,2015
670,Tire,2020-09-22,1778.69,Rejected,Model D,2017
671,Alternator,2021-09-11,873.96,Rejected,Model B,2015
672,Radiator,2021-05-02,1889.98,Settled,Model B,2018
673,Alternator,2019-09-21,192.37,Rejected,Model B,2022
674,Alternator,2023-04-05,972.22,Settled,Model A,2021
675,Tire,2021-03-19,1024.15,Rejected,Model B,2018
676,Transmission,2020-01-17,305.88,Rejected,Model E,2018
677,Engine,2021-12-15,4145.08,Settled,Model A,2021
678,Airbag,2021-04-21,1847.41,Rejected,Model D,2016
679,Exhaust,2019-04-15,57.23,Settled,Model D,2021
680,Alternator,2021-11-26,957.31,Rejected,Model D,2015
681,Tire,2022-12-03,1562.26,Settled,Model C,2020
682,Exhaust,2020-08-09,1829.31,Settled,Model E,2022
683,Exhaust,2020-12-12,66.74,Rejected,Model A,2015
684,Battery,2020-12-24,782.05,Rejected,Model D,2017
685,Airbag,2021-01-31,1305.29,Settled,Model A,2021
686,Exhaust,2020-04-02,1304.43,Settled,Model E,2019
687,Brake,2018-10-19,1416.42,Settled,Model E,2017
688,Alternator,2018-12-02,1986.42,Settled,Model E,2015
689,Battery,2019-03-28,1124.48,Settled,Model C,2016
690,Alternator,2022-12-08,406.99,Settled,Model D,2018
691,Brake,2022-04-18,1528.82,Rejected,Model C,2015
692,Tire,2022-06-02,1799.13,Settled,Model B,2022
693,Tire,2021-06-15,1132.03,Settled,Model E,2018
694,Exhaust,2019-01-26,275.9,Settled,Model B,2021
695,Brake,2020-01-11,1723.39,Settled,Model B,2019
696,Transmission,2020-12-18,199.34,Settled,Model C,2021
697,Airbag,2021-03-19,1692.56,Settled,Model E,2016
698,Headlight,2019-09-05,1953.56,Rejected,Model A,2017
699,Airbag,2018-10-17,1056.31,Rejected,Model E,2017
700,Headlight,2022-05-29,1157.82,Rejected,Model C,2018
701,Radiator,2018-10-18,926.24,Rejected,Model C,2015
702,Headlight,2022-12-09,698.27,Rejected,Model C,2020
703,Airbag,2022-04-01,1186.93,Settled,Model C,2018
704,Exhaust,2022-08-04,1407.1,Rejected,Model E,2015
705,Headlight,2023-02-20,510.21,Rejected,Model C,2019
706,Headlight,2023-04-13,844.82,Settled,Model B,2016
707,Radiator,2021-06-13,1425.13,Settled,Model A,2019
708,Alternator,2023-01-12,1429.15,Rejected,Model D,2016
709,Battery,2019-03-27,314.37,Rejected,Model B,2019
710,Brake,2023-07-07,597.31,Settled,Model C,2019
711,Headlight,2020-10-18,382.12,Settled,Model C,2021
712,Exhaust,2022-12-11,410.93,Rejected,Model A,2021
713,Brake,2021-07-18,116.82,Settled,Model E,2015
714,Brake,2020-10-03,652.63,Rejected,Model E,2018
715,Radiator,2022-10-16,1416.85,Rejected,Model B,2016
716,Transmission,2018-09-29,1816.92,Settled,Model C,2021
717,Engine,2022-05-24,391.43,Settled,Model B,2016
718,Battery,2019-03-20,447.16,Settled,Model B,2018
719,Brake,2022-08-13,953.35,Settled,Model A,2021
720,Brake,2022-06-18,168.06,Settled,Model C,2020
721,Battery,2022-05-14,794.2,Rejected,Model D,2015
722,Engine,2020-10-12,1281.24,Rejected,Model C,2020
723,Tire,2022-08-08,1138.8,Settled,Model D,2015
724,Exhaust,2019-01-29,1711.15,Settled,Model E,2019
725,Radiator,2021-12-26,524.27,Rejected,Model B,2015
726,Battery,2019-07-25,1528.29,Settled,Model B,2018
727,Brake,2021-04-04,1749.89,Settled,Model D,2021
728,Radiator,2021-08-21,513.73,Settled,Model D,2015
729,Tire,2018-08-24,1654.64,Settled,Model A,2015
730,Brake,2023-06-15,1603.81,Rejected,Model E,2016
731,Alternator,2021-07-09,329.48,Rejected,Model E,2020
732,Alternator,2023-03-17,1121.22,Settled,Model B,2018
733,,2022-09-06,490.11,Rejected,Model C,2018
734,Radiator,2022-10-23,481.87,Settled,Model A,2017
735,Brake,2020-06-29,589.26,Settled,Model A,2015
736,Tire,2020-12-14,1223.74,Rejected,Model D,2019
737,Transmission,2020-03-24,1278.09,Settled,Model C,2020
738,Brake,2022-01-20,1142.88,Settled,Model D,2017
739,Airbag,2021-06-07,948.34,Rejected,Model B,2020
740,Brake,2022-01-10,1117.39,Settled,Model A,2016
741,Radiator,2019-05-31,1531.92,Rejected,Model C,2018
742,Brake,2018-09-18,804.04,Settled,Model D,2018
743,Exhaust,2019-05-27,151.57,Rejected,Model E,2016
744,Headlight,2021-05-16,1349.44,Settled,Model B,2018
745,Radiator,2023-06-15,1733.22,Rejected,Model B,2019
746,Exhaust,2020-11-27,1839.12,Settled,Model C,2021
747,Tire,2022-05-13,362.21,Rejected,Model A,2019
748,Brake,2019-09-06,1497.22,Rejected,Model A,2016
749,Battery,2022-07-28,938.46,Rejected,Model D,2019
750,Transmission,2021-02-12,199.93,Settled,Model C,2017
751,Tire,2022-04-23,1599.18,Rejected,Model B,2019
752,Alternator,2019-12-11,504.43,Settled,Model E,2021
753,Tire,2020-01-12,1871.4,Rejected,Model A,2020
754,Airbag,2021-09-30,428.9,Settled,Model D,2017
755,Airbag,2023-05-30,966.64,Settled,Model B,2020
756,Engine,2022-02-04,149.5,Settled,Model C,2015
757,Tire,2018-11-07,381.14,Rejected,Model B,2015
758,Brake,2022-10-17,772.99,Rejected,Model C,2015
759,Airbag,2021-12-07,1073.38,Rejected,Model E,2019
760,Exhaust,2021-12-03,1605.48,Settled,Model E,2018
761,Engine,2022-03-06,52.85,Rejected,Model B,2022
762,Transmission,2022-05-14,672.14,Rejected,Model C,2019
763,Airbag,2022-01-16,150.56,Settled,Model D,2015
764,Battery,2022-10-06,1284.39,Settled,Model E,2016
765,Transmission,2021-05-04,947.78,Settled,Model E,2017
766,Exhaust,2022-11-07,480.32,Rejected,Model D,2015
767,Battery,2018-12-12,1654.35,Settled,Model E,2016
768,Exhaust,2019-12-31,316.76,Settled,Model E,2015
769,Transmission,2021-02-01,67.93,Settled,Model D,2022
770,Battery,2020-11-11,897.66,Settled,Model E,2019
771,Headlight,2023-01-29,189.96,Settled,Model D,2018
772,Engine,2023-01-16,1411.5,Settled,Model D,2016
773,,2021-07-11,653.63,Settled,Model C,2020
774,Radiator,2021-11-26,1343.65,Rejected,Model B,2020
775,Radiator,2019-01-28,845.21,Settled,Model E,2015
776,,2022-12-24,4113.76,Settled,Model D,2021
777,Battery,2020-11-28,1347.89,Rejected,Model A,2018
778,Tire,2022-09-14,1128.97,Rejected,Model E,2016
779,Airbag,2021-11-18,940.66,Settled,Model C,2015
780,Exhaust,2021-08-09,1451.01,Rejected,Model B,2016
781,Radiator,2020-03-18,986.13,Rejected,Model D,2018
782,Engine,2022-06-10,3921.94,Settled,Model A,2018
783,Airbag,2023-01-25,1928.29,Rejected,Model D,2019
784,Transmission,2022-03-25,861.81,Rejected,Model D,2015
785,,2020-03-25,194.49,Rejected,Model C,2021
786,Headlight,2022-04-04,1283.25,Rejected,Model C,2020
787,Alternator,2019-09-22,739.87,Settled,Model E,2017
788,Radiator,2019-06-26,152.47,Rejected,Model C,2020
789,Airbag,2021-03-01,1332.4,Settled,Model C,2020
790,Alternator,2020-07-21,1086.01,Rejected,Model E,2016
791,Battery,2020-02-28,601.68,Rejected,Model B,2019
792,Transmission,2020-09-30,75.9,Settled,Model C,2022
793,Exhaust,2019-02-15,1899.46,Settled,Model B,2017
794,Alternator,2019-06-23,562.85,Settled,Model B,2015
795,Engine,2022-07-07,248.54,Settled,Model C,2019
796,Radiator,2018-11-01,933.66,Rejected,Model A,2015
797,Battery,2019-08-06,1330.57,Settled,Model A,2022
798,Radiator,2018-12-18,975.43,Rejected,Model C,2017
799,Exhaust,2022-11-20,1603.65,Settled,Model E,2021
800,Exhaust,2022-02-16,288.06,Settled,Model E,2019
801,Alternator,2019-12-28,1586.29,Settled,Model E,2015
802,Airbag,2020-01-31,573.74,Rejected,Model E,2020
803,Tire,2018-11-02,176.3,Settled,Model E,2018
804,Tire,2021-08-07,1935.31,Rejected,Model D,2016
805,Exhaust,2022-04-29,1771.83,Rejected,Model B,2016
806,Brake,2020-03-07,702.5,Rejected,Model D,2019
807,Alternator,2023-03-25,1389.7,Settled,Model A,2018
808,Transmission,2019-05-27,1929.9,Rejected,Model C,2017
809,Headlight,2018-09-12,1066.83,Rejected,Model B,2019
810,Radiator,2022-03-23,939.81,Rejected,Model C,2015
811,Airbag,2022-05-04,203.85,Settled,Model A,2022
812,Battery,2021-01-08,200.87,Rejected,Model C,2015
813,Radiator,2021-10-20,536.85,Rejected,Model D,2021
814,Airbag,2020-07-25,792.62,Settled,Model C,2022
815,Battery,2018-09-28,1800.28,Settled,Model A,2018
816,Transmission,2021-11-16,1615.43,Settled,Model A,2019
817,Alternator,2019-07-26,892.58,Settled,Model D,2022
818,,2019-09-23,131.9,Settled,Model E,2016
819,Radiator,2023-08-03,1917.68,Settled,Model C,2019
820,Airbag,2020-08-06,1922.35,Settled,Model D,2018
821,Headlight,2022-04-17,525.54,Rejected,Model D,2017
822,Battery,2023-01-16,1185.44,Rejected,Model B,2016
823,,2020-09-02,1308.47,Rejected,Model E,2015
824,Engine,2022-02-25,67.13,Settled,Model D,2016
825,Alternator,2020-07-04,1132.66,Settled,Model C,2021
826,Headlight,2020-08-27,502.76,Settled,Model B,2021
827,Exhaust,2023-01-30,557.48,Rejected,Model C,2016
828,Exhaust,2019-07-15,1492.73,Rejected,Model E,2022
829,Transmission,2018-10-08,1973.83,Rejected,Model C,2016
830,Transmission,2022-05-01,802.47,Settled,Model E,2020
831,Airbag,2021-06-29,1421.31,Rejected,Model E,2016
832,Brake,2021-04-13,1998.03,Settled,Model E,2018
833,,2023-08-05,270.71,Settled,Model D,2016
834,Alternator,2020-03-01,664.95,Settled,Model E,2019
835,Battery,2020-04-03,1840.35,Rejected,Model B,2017
836,Battery,2019-11-05,1430.2,Settled,Model A,2021
837,Exhaust,2019-11-23,511.77,Rejected,Model D,2019
838,Brake,2020-12-07,956.91,Settled,Model D,2017
839,Brake,2022-09-12,1118.96,Rejected,Model C,2021
840,,2019-04-05,1836.5,Rejected,Model E,2015
841,Battery,2020-07-03,1453.15,Settled,Model B,2016
842,Brake,2019-04-22,1811.94,Settled,Model C,2016
843,Headlight,2023-01-24,1716.56,Settled,Model C,2017
844,Headlight,2022-08-25,228.63,Rejected,Model E,2022
845,Transmission,2018-11-24,1938.58,Rejected,Model A,2021
846,Transmission,2019-10-24,399.36,Rejected,Model C,2016
847,Exhaust,2022-04-23,852.43,Settled,Model D,2018
848,Radiator,2022-11-19,730.52,Rejected,Model B,2018
849,Exhaust,2018-09-01,3770.32,Settled,Model D,2018
850,Tire,2022-05-13,377.95,Settled,Model D,2018
851,Headlight,2020-11-12,776.61,Settled,Model D,2015
852,Alternator,2020-05-29,1072.5,Settled,Model E,2021
853,,2021-07-04,1362.8,Rejected,Model E,2019
854,Alternator,2018-09-12,1235.31,Settled,Model B,2021
855,Brake,2020-09-18,1266.97,Settled,Model E,2021
856,Radiator,2023-06-14,207.8,Settled,Model E,2017
857,Exhaust,2021-08-12,464.09,Settled,Model A,2019
858,Exhaust,2019-06-10,1051.77,Rejected,Model A,2015
859,Battery,2021-10-03,1316.84,Rejected,Model A,2020
860,Battery,2019-10-23,1641.79,Rejected,Model D,2015
861,Transmission,2018-09-08,1117.85,Rejected,Model B,2015
862,Tire,2021-07-20,69.97,Rejected,Model E,2017
863,Tire,2023-02-24,598.51,Settled,Model D,2017
864,Transmission,2019-01-22,284.84,Settled,Model B,2015
865,Alternator,2023-08-06,1223.53,Rejected,Model E,2016
866,Alternator,2023-05-31,1074.33,Rejected,Model E,2021
867,Battery,2021-05-18,338.07,Rejected,Model B,2016
868,Transmission,2023-02-26,1051.07,Settled,Model A,2021
869,Headlight,2019-10-03,1840.4,Rejected,Model B,2022
870,Engine,2023-01-04,481.77,Rejected,Model E,2018
871,Exhaust,2020-10-26,1962.77,Settled,Model A,2019
872,Radiator,2023-07-20,1760.57,Settled,Model A,2022
873,Engine,2019-02-22,676.09,Settled,Model B,2018
874,Alternator,2022-01-12,136.58,Settled,Model E,2021
875,Alternator,2023-04-27,729.48,Settled,Model A,2016
876,Engine,2021-07-22,1818.04,Rejected,Model B,2018
877,Transmission,2020-03-07,1856.86,Settled,Model D,2021
878,Alternator,2020-02-24,1676.97,Rejected,Model A,2022
879,Tire,2018-09-27,1377.91,Rejected,Model D,2021
880,Battery,2020-02-25,1465.86,Settled,Model C,2016
881,Radiator,2020-09-25,1148.13,Settled,Model C,2020
882,Exhaust,2022-04-22,862.97,Settled,Model C,2017
883,Alternator,2019-11-11,532.03,Settled,Model B,2021
884,Airbag,2019-08-19,1534.6,Rejected,Model A,2021
885,,2020-09-11,844.88,Rejected,Model E,2015
886,Headlight,2019-01-24,1884.77,Settled,Model E,2019
887,Radiator,2023-03-16,1661.29,Settled,Model E,2020
888,Exhaust,2018-11-11,67.05,Settled,Model D,2018
889,Headlight,2023-03-08,435.94,Settled,Model B,2015
890,Transmission,2018-09-02,1075.31,Rejected,Model A,2017
891,Radiator,2019-07-09,1039.86,Rejected,Model B,2018
892,Alternator,2021-04-23,1141.45,Settled,Model C,2020
893,Brake,2018-10-10,1034.83,Rejected,Model D,2022
894,Battery,2021-12-20,214.42,Rejected,Model C,2017
895,Transmission,2023-07-14,714.05,Rejected,Model D,2018
896,Brake,2020-06-06,239.74,Settled,Model B,2015
897,Battery,2022-08-30,1633.89,Settled,Model E,2019
898,Headlight,2020-04-03,1786.06,Settled,Model C,2022
899,Airbag,2023-04-16,153.15,Rejected,Model B,2015
900,Brake,2021-07-06,107.18,Settled,Model C,2020
901,Radiator,2022-06-27,1662.97,Settled,Model A,2019
902,Brake,2022-02-18,1017.02,Settled,Model D,2015
903,,2023-02-18,1218.0,Settled,Model B,2021
904,Radiator,2018-09-09,516.2,Rejected,Model C,2016
905,Tire,2022-04-09,1482.89,Settled,Model C,2021
906,Battery,2020-05-20,77.78,Settled,Model E,2019
907,Tire,2021-06-04,658.92,Rejected,Model A,2015
908,Alternator,2022-08-04,1565.99,Settled,Model C,2015
909,Transmission,2022-12-13,1965.62,Rejected,Model E,2018
910,Headlight,2020-11-08,174.12,Settled,Model B,2016
911,Brake,2023-01-02,397.91,Rejected,Model C,2019
912,,2021-03-07,1706.04,Settled,Model E,2022
913,Engine,2019-06-06,1797.61,Settled,Model D,2016
914,,2020-04-28,337.82,Rejected,Model D,2018
915,Headlight,2019-05-17,1686.81,Settled,Model A,2016
916,Engine,2019-03-01,106.2,Settled,Model B,2022
917,Battery,2018-12-28,234.05,Settled,Model D,2017
918,Alternator,2023-07-14,728.29,Rejected,Model E,2016
919,Alternator,2022-04-17,1996.58,Settled,Model A,2016
920,Engine,2022-02-27,140.62,Settled,Model E,2017
921,Brake,2019-04-15,1046.91,Rejected,Model A,2018
922,Exhaust,2019-12-01,1589.78,Settled,Model A,2017
923,Engine,2018-12-01,810.42,Settled,Model A,2021
924,Tire,2022-05-07,1946.99,Settled,Model D,2022
925,Battery,2021-09-12,75.23,Rejected,Model D,2021
926,Airbag,2020-08-29,604.36,Rejected,Model B,2017
927,Tire,2021-03-13,721.88,Settled,Model C,2020
928,Battery,2021-11-18,1819.04,Settled,Model A,2019
929,Alternator,2022-02-10,379.3,Settled,Model D,2019
930,Engine,2020-10-29,1752.84,Settled,Model C,2019
931,Headlight,2021-10-15,179.7,Rejected,Model E,2019
932,Airbag,2020-07-27,445.85,Rejected,Model C,2015
933,Transmission,2019-04-07,1578.59,Settled,Model D,2020
934,Battery,2020-11-09,1067.76,Rejected,Model D,2022
935,,2020-12-08,424.07,Rejected,Model A,2021
936,Exhaust,2022-05-23,564.47,Settled,Model A,2021
937,Radiator,2020-12-29,571.04,Rejected,Model B,2019
938,Brake,2020-11-22,1723.96,Rejected,Model B,2021
939,Airbag,2020-08-23,1820.92,Rejected,Model A,2022
940,Exhaust,2021-05-05,798.28,Rejected,Model E,2019
941,Airbag,2022-08-07,1900.18,Settled,Model E,2015
942,Engine,2022-06-20,3517.49,Settled,Model A,2019
943,Exhaust,2020-07-17,1069.83,Rejected,Model A,2020
944,Airbag,2022-07-01,1010.25,Settled,Model C,2020
945,,2020-03-18,1773.56,Settled,Model B,2020
946,,2020-02-05,142.97,Rejected,Model A,2019
947,Headlight,2021-04-02,302.63,Rejected,Model D,2018
948,Headlight,2022-04-02,885.0,Rejected,Model A,2018
949,Battery,2021-02-17,1415.62,Rejected,Model C,2020
950,Brake,2022-03-01,1832.24,Settled,Model E,2015
951,,2023-02-03,1008.15,Rejected,Model E,2016
952,Battery,2019-04-09,1415.89,Rejected,Model D,2021
953,Engine,2021-10-10,787.58,Settled,Model C,2015
954,,2022-09-04,1873.49,Settled,Model C,2016
955,Brake,2023-08-19,1855.75,Rejected,Model C,2016
956,Radiator,2019-06-16,455.06,Settled,Model E,2016
957,Battery,2019-10-28,1278.31,Rejected,Model C,2016
958,Radiator,2021-10-21,355.2,Rejected,Model D,2016
959,Battery,2021-05-16,505.71,Settled,Model E,2016
960,Alternator,2023-06-28,88.04,Rejected,Model D,2021
961,Airbag,2023-03-15,875.61,Rejected,Model C,2017
962,Alternator,2020-02-19,132.51,Settled,Model B,2020
963,Exhaust,2023-06-15,947.57,Settled,Model B,2016
964,Airbag,2020-03-16,1937.84,Settled,Model E,2022
965,Airbag,2018-10-19,1746.4,Rejected,Model E,2021
966,Engine,2019-12-22,1227.63,Settled,Model D,2021
967,Battery,2018-10-21,1967.57,Rejected,Model C,2015
968,Tire,2022-12-20,1059.17,Settled,Model B,2015
969,Exhaust,2020-06-17,1287.03,Rejected,Model D,2022
970,Radiator,2020-08-27,1836.22,Rejected,Model D,2016
971,Radiator,2018-10-29,1032.31,Settled,Model A,2017
972,Radiator,2022-12-04,1731.51,Settled,Model C,2015
973,Airbag,2018-09-28,457.11,Rejected,Model A,2015
974,Transmission,2022-09-15,771.64,Rejected,Model B,2022
975,Airbag,2022-03-19,967.58,Settled,Model C,2015
976,Brake,2021-09-09,606.73,Rejected,Model B,2019
977,Airbag,2022-08-24,1342.83,Settled,Model B,2019
978,Exhaust,2023-05-17,1683.16,Settled,Model A,2022
979,Exhaust,2020-08-27,461.1,Settled,Model A,2019
980,Radiator,2019-01-08,701.51,Rejected,Model C,2019
981,Battery,2022-10-19,896.14,Settled,Model A,2017
982,Battery,2023-07-12,1283.4,Settled,Model D,2018
983,Battery,2023-08-13,844.3,Settled,Model E,2021
984,Exhaust,2022-04-08,1925.07,Settled,Model A,2018
985,,2021-01-05,637.32,Settled,Model E,2022
986,Exhaust,2023-04-08,81.69,Settled,Model B,2020
987,Headlight,2019-11-11,1071.1,Rejected,Model B,2022
988,Brake,2020-04-23,238.36,Rejected,Model B,2021
989,Radiator,2020-05-04,980.99,Settled,Model B,2018
990,Transmission,2018-11-28,183.15,Settled,Model E,2016
991,Airbag,2020-07-16,829.27,Settled,Model B,2015
992,Radiator,2022-12-10,127.19,Settled,Model A,2022
993,Headlight,2021-09-08,361.86,Settled,Model E,2017
994,Brake,2020-10-21,1916.52,Rejected,Model C,2018
995,Battery,2020-08-23,1853.21,Rejected,Model A,2019
996,Brake,2019-01-30,1713.44,Rejected,Model B,2018
997,Headlight,2018-10-06,1294.72,Rejected,Model D,2021
998,Brake,2020-09-21,888.15,Rejected,Model E,2022
999,,2018-08-23,370.45,Rejected,Model D,2022
1000,Engine,2018-09-09,730.56,Settled,Model A,2018
